Titre de la section,Contenu,Nom du professeur,Description du professeur,Titre de la vid√©o,Source,Titre du cours,Dur√©e du cours,Texte_concatene,R√©ponse
Tirez le maximum de ce cours,,Thomas Dimnet,"Si vous aimez mes cours, vous aimerez : beta.nx.academy",N/A,https://vimeo.com/472965194/,Codez un site web accessible avec HTML & CSS,6 heures,codez un site web accessible avec html css thomas dimnet si vous aimez mes cours vous aimerez,R√©ponse 1
Comment suivre ce cours ?,"Bonjour et bienvenue dans ce cours sur l‚Äôaccessibilit√© sur le Web pour les d√©veloppeurs. üôÇ Je m‚Äôappelle Thomas Dimnet, je suis le CTO de SensCritique, et mentor chez OpenClassrooms.",Lisa Liskovoi,"Inclusive designer and digital accessibility specialist from Toronto, Canada.",N/A,https://vimeo.com/472965212/,Codez un site web accessible avec HTML & CSS,6 heures,codez un site web accessible avec html css bonjour et bienvenue dans ce cours sur l accessibilit√© sur le web pour les d√©veloppeurs je appelle thomas dimnet je suis le cto de senscritique et mentor chez openclassrooms lisa liskovoi inclusive designer digital accessibility specialist toronto canada,R√©ponse 2
Familiarisez-vous avec le contenu du cours,Ce cours a pourobjectifde vous aider √†int√©grer une d√©marche d'accessibilit√© lors de vos d√©veloppements web.,Lisa Liskovoi,"Inclusive designer and digital accessibility specialist from Toronto, Canada.",,,Codez un site web accessible avec HTML & CSS,6 heures,codez un site web accessible avec html css ce cours pourobjectifde vous aider √†int√©grer une d√©marche lors de vos d√©veloppements web lisa liskovoi inclusive designer digital accessibility specialist toronto canada,R√©ponse 3
Appliquez les concepts cl√©s gr√¢ce au projet fil rouge,Nous verrons notamment dans ce cours :,Lisa Liskovoi,"Inclusive designer and digital accessibility specialist from Toronto, Canada.",,,Codez un site web accessible avec HTML & CSS,6 heures,codez un site web accessible avec html css nous verrons notamment dans ce cours lisa liskovoi inclusive designer digital accessibility specialist toronto canada,R√©ponse 4
Le projet ‚ÄúTonight in Gotham‚Äù,les bonnes pratiques d‚Äôaccessibilit√© √† adopterquand vous d√©veloppez votre page web ;,Lisa Liskovoi,"Inclusive designer and digital accessibility specialist from Toronto, Canada.",,,Codez un site web accessible avec HTML & CSS,6 heures,codez un site web accessible avec html css les bonnes pratiques accessibilit√© √† adopterquand vous d√©veloppez votre page web lisa liskovoi inclusive designer digital accessibility specialist toronto canada,R√©ponse 5
En r√©sum√©,les attributs ARIAqui vous aideront dans votre d√©marche d‚Äôaccessibilit√© ;,Lisa Liskovoi,"Inclusive designer and digital accessibility specialist from Toronto, Canada.",,,Codez un site web accessible avec HTML & CSS,6 heures,codez un site web accessible avec html css les attributs ariaqui vous aideront dans votre d√©marche accessibilit√© lisa liskovoi inclusive designer digital accessibility specialist toronto canada,R√©ponse 6
Cr√©ez le squelette de votre page web,"La premi√®re chose √† faire, quand vousconcevez votre page web, est depenser √† son squelette. En effet, bien concevoir cette structure va vous permettre ded√©limiter les diff√©rentes zones de votre page.",Lisa Liskovoi,"Inclusive designer and digital accessibility specialist from Toronto, Canada.",,,Codez un site web accessible avec HTML & CSS,6 heures,codez un site web accessible avec html css la premi√®re chose √† faire quand vousconcevez votre page web est depenser √† son squelette en effet bien concevoir cette structure va vous permettre ded√©limiter les diff√©rentes zones de votre page lisa liskovoi inclusive designer digital accessibility specialist toronto canada,R√©ponse 7
Optimisez la s√©mantique de votre page avec HTML5,"Autrement dit, vous allez pouvoir indiquer :",Lisa Liskovoi,"Inclusive designer and digital accessibility specialist from Toronto, Canada.",,,Codez un site web accessible avec HTML & CSS,6 heures,codez un site web accessible avec html css autrement dit vous allez pouvoir indiquer lisa liskovoi inclusive designer digital accessibility specialist toronto canada,R√©ponse 8
Utilisez les r√¥les en compl√©ment des balises HTML5,les zones qui sont d√©di√©es √† lanavigation;,Lisa Liskovoi,"Inclusive designer and digital accessibility specialist from Toronto, Canada.",,,Codez un site web accessible avec HTML & CSS,6 heures,codez un site web accessible avec html css les zones qui sont d√©di√©es √† lanavigation lisa liskovoi inclusive designer digital accessibility specialist toronto canada,R√©ponse 9
D√©finissez les r√©gions de votre page avec ARIA,"les zones relatives aucontenu principalde votre page, ainsi que celles apportant des informations compl√©mentaires ;",Lisa Liskovoi,"Inclusive designer and digital accessibility specialist from Toronto, Canada.",,,Codez un site web accessible avec HTML & CSS,6 heures,codez un site web accessible avec html css les zones relatives aucontenu principalde votre page ainsi que celles apportant des informations compl√©mentaires lisa liskovoi inclusive designer digital accessibility specialist toronto canada,R√©ponse 10
Tonight In Gotham : R√©alisez la structure¬†de la page de Batman,"et, enfin, les zones compl√©mentaires, comme une barre de recherche ou une banni√®re.",Lisa Liskovoi,"Inclusive designer and digital accessibility specialist from Toronto, Canada.",,,Codez un site web accessible avec HTML & CSS,6 heures,codez un site web accessible avec html css et enfin les zones compl√©mentaires comme une barre de recherche ou une banni√®re lisa liskovoi inclusive designer digital accessibility specialist toronto canada,R√©ponse 11
En r√©sum√©,Nous allons donc voir ensemble comment :,Lisa Liskovoi,"Inclusive designer and digital accessibility specialist from Toronto, Canada.",,,Codez un site web accessible avec HTML & CSS,6 heures,codez un site web accessible avec html css nous allons donc voir ensemble comment lisa liskovoi inclusive designer digital accessibility specialist toronto canada,R√©ponse 12
